{"cameraMode":{"drawMode":0,"name":"Shaded","section":"Shading Mode"},"sceneLighting":false,"audioPlay":false,"sceneViewState":{"m_AlwaysRefresh":false,"showFog":false,"showSkybox":false,"showFlares":false,"showImageEffects":false,"showParticleSystems":false,"showVisualEffectGraphs":false,"m_FxEnabled":true},"in2DMode":false,"pivot":{"x":-0.13310278952121736,"y":0.05786144733428955,"z":-0.005622982978820801},"rotation":{"x":0.0007453187718056142,"y":0.9922447204589844,"z":-0.124176986515522,"w":0.005953335203230381},"size":1.0131957530975342,"orthographic":false}