{"cameraMode":{"drawMode":0,"name":"Shaded","section":"Shading Mode"},"sceneLighting":true,"audioPlay":false,"sceneViewState":{"m_AlwaysRefresh":false,"showFog":true,"showSkybox":true,"showFlares":true,"showImageEffects":true,"showParticleSystems":true,"showVisualEffectGraphs":true,"m_FxEnabled":true},"in2DMode":false,"pivot":{"x":5.157072067260742,"y":-0.02730274200439453,"z":4.5268096923828129},"rotation":{"x":-0.08072664588689804,"y":0.8586082458496094,"z":-0.4857063591480255,"w":-0.14270462095737458},"size":6.713800430297852,"orthographic":false}